label,seq
1,MKFIKYLSTAHLNYMNIAVYENGSKIKARVENVVNGKSVGARDFDSTEQLESWFYGLPGSGLGRIENAMNEISRRENP
1,MMTISKTDIDCYLQTYVVIDPVSNGWQWGIDENGVGGALHHGRVEMVEGENGYFGLRGATHPTEKEAMAAALGYLWKCRQDLVAIARNDAIEAEKYRAKA
1,MSSTISDRIISRSVIEAARFIQSWEDADPDNLTESQVLAASSFAARLHEGLQATVLQRLVDESNRDEYREFQAWEEALLNADGRVTSNPFADWGWWYRIANVMLATASQNVGVAWGSHVHGRLMAIFQDRFQQHYEDEEC
1,MSRPTVVTVTETPRNPGSYEVNVERDGKMVVGRARAGSDPGAAAAKAMQMAMEWGSPNYVILGSNKVLAFIPEQLRVKM
1,MKVPAFFAANILTIEQIIEAINNDGSAMTSAPEIAGYYAWDAATDALESENDLEQLTEDDFVAHLEVLEERGAKIDRDAAIAVALQFQAAAVNDLHSGDE
1,MTIYLSNAIENATSIEQVVELINEGTCEGMEGIEFTADILAGQYAWSAAKDFVDSAGMTADDLEAQLEFLSAAGAVFSESVAVDHGLKLAAADTE
1,MAADFIKDANSIEQIVDGINTTEASSEVKYFGEYKLDSGEKLAAHYAYEQVANYEHISDDEIKTHLQELKSKDAHFDMNESLQIAKQFCSKCET
1,MISTALKQADSIEQVVQIIDNGGTAQHGPEEIAGQYAYLVMLHQKTVDKQAVKKPLDDLMSQGAMFDYDLALQQAENLLLNLVET
1,MIDFNSIDHAIALIQKDPEQANAIAGEYAYQMAREAYEIASESGFGMEDEDFEDQLEFLINAGLVFDVQEAINKARSLHIANQSPC
1,MNAEYIVCAALWDMDFSKLVPFFAMDHTVRHPKFTSEYLAGQYAYYAATSRDTVNKRTFKDELKFLRELGIKFDADQALRYAVYLSGILDYQSSKLKWL
1,MTQLTAQQEKSIRAFKFQFNPYGACGLGDVLTAFEDERDDEESCIFMATAYALDGAYESGYFDIDNTEAQLEALREHGAKFDFGKALEL
1,MNTFMTLSNADSVSAVVDFINTVNDRKDHLVDHYGWGDVAATYELNDYAAAQYAWEASEDNSIESIEANLEFIKDEGAKFNTENALKIAQLFLEA
1,MRFTSPSRTIPSICLAIYGCGQLDRVADFINNSGEYVEDGVTFTPGMIAGQYAFEQVKLDRKGYDTRRLQKYLSFLADAGAFFSEEEALQRADDLINNFTADFGHDEDGDATFRIKAQSYRLKKYDCHALWSMINQASLTIESVKPETFCDEDSDEDISSDSLDLVLTSRLFNKQNEAFATLTQYYTVSEGMLTVEDLLDYSLLDYPNFHDESGKTYNLMENIAQRYYTECIKVVMDYFRDAHKELPDVIRSEEITSMILQPMKLPIMAN
1,MNNVTLEYSVVTNPDSFVGFKYYVKAGQAFDADDFAYSYKLNRSDLDPDSVLATREAAANLQPGEWLTVSHSIAA
1,MVAIATYNVFNGSGWLEPILLRTMKMNIAYIIRNNTVIATVSTGLPNGTEIQYSHEKTREELDANRDYNLLNAKSAKISRAQRWEKEASKCSASAVEINPLEFLIVD
1,MSYLISNGQIIAKTSATLASGQSVAFSGTRVAEEINAGRQWNLVNAQHATIGNGKTWDAKWAKLENGRMASEINPGEFFIA
1,MIYYIVRYNIDHVSKRDAAPSLQHYQPAAGDIKMTTTTYYFSESSSVNAIAQAEMLKATNLSDAKREASRRQCFQGTALKIGTIYSLNANGLLVDEIASKEDGKKWVDRY
1,MNTTYVLRQSDNLVFNIEGETFTFMARRLADVKRRAIRKQFHEDSNLRLEDENGNVISIKRSGFKWEDKR
1,MKYIVKEMQGAQSLRDGMVVEAKTLRWAKCLAAKLQAFRGTVMRVEDMDGTILALKVNRKWENVNPDTNNS
1,MGPGKKEKIIMANPVYYIREAQGQWAACNAKTMPAAKRAAVRAQMFQGTDVWVGSVVGEVIEPVAIKRHPDALNMSSRGRWVELDPAHCSVGDFGRI
1,MTTFHIENARIETITDFDMVIFDLVTDLGRVDLAEHINYDRDGDFKSIESTDSNIRCNLEEELCSVFDMSEKPSLMPEIDYVPFAEVIEAVEEMLEA
1,MKEVFKLKPELVTYKGCGWALACIKDGEIIDLTYVRDLGIEEYDENFDGLEPEIIYYDVVASQACKEVAYRYEEMGEFTFGLCSCWEFNVM
1,MIERSAKRARPIRRIPRQGRRRLHPPACARCAQGMVGARWPQPGVTLTDWIVDRVRHNTMNVFKVPQSLADKYHGAGYALAATVAGQLVDIVYLADMLPDFGGQDGPTRADAQTAIDEPVLAPTVRHLQALGSVHMGMLSGWAFVEL
1,MNFLVCPKLGINYFKLQNTPAAEYYRGCGKAWIAIANGIPQAIKYMDDFAYDPDLEASQREQFGVYRQKCRDYLSSKGRIESGHCSCWEFTTNAYYCEAESLLAAIESEREYMELNT
1,MLYSEKVMDHFMHPRNVGEMENPSGVGEVGNAKCGDIMRMYLKIDENDIITDVKFKTYGCGTAIASSSMATELIKGKSINDAINLSNKEVAENLDGLPPIKMHCSVLAEEAIKAALYDYQEKSGHKVKGLENYEPPKDDLHDHEHVELD
1,MASVTTFPLPDNLARERIETGWALAAISGNQIAAVREFRRLSPQVAQHLPIGAEQAAEVIRRWLDTLPASSVVDELQQLGRITVGMCHEGQFLEC
1,MAAFLKGFKMSKNNIFNKYPTIIHGEARGENDEFVVHTRYPRFLARKSFDDNFTGGIPAKPVNGELGQIGEPRRLAYDSRLGLWLSDFIMLDNNKPESMEDWLGQLKAACDRIAADDLMLNEDAAALEGWDD
1,MDEIDELSDLPTPRFIWGFAIAVTPSGEVSHDEFEYLTHTRVPRFTCRVVELEDAPAEPEDEGDIDGRIVHFDNPKRMFYITDLGLALMNFTLFDKVDNKTKLKNACDQAIADWLTRREFLDSEPDDDEDD
1,MDRQQACHRHLDGFKDKRKDFKMFKRAIIFTSFNGLETVSQTEKRQLAKIINSEVSIINEHLEAKATNASLDGQYRAFLFNDESPAMTEFLAKLKAFAESTAGINIDAWEIEESEYVRLPVEQKDFLAAANGKEIFKI
1,MSIKLLDEFLKKHNKTRYQLSKLTGISQNTLNDYNKKELNKYSVSFLRALSMCTGISTFDVFIELAELEKNYDDLAGFKHLLDKYKLSFPAQEFELYCLIKEFECANIEVLPFTFNRFENETHVDIEKDVRKALENAITVLKEKKNELI
1,KMTLTRAQKKYAEAMHEFINMVDDFEESTPDFAKEVLHDSDYVVITKNEKYAVALCSLSTDECEYDTNLYLDEKLVDYSTVDVNGVTYYINIVETNDIDDLEIATDEDEMKSGNQEIILKSELN
1,MTTARKKFYQAISEFEAMTGKDVERTPQIADEVLNDAEYIAFTKTEKYALYLCTSNVEGLEDRYFLDEECLDSTFLETEDNETYYIHFLQETEFSEDDNEDELPLATEEQIEAYDKQEELKAVILKKELN
1,MYNKAEIMKQAWNWFNDSNIWLSDIEWVSYTDKEKSFSVCLKAAWSKAKEEVEESKKESKHIAKSEELKAWNWAERKLGLHFNISDDEKFTSVKDETKINFGLSLWACAMKAVKLHNDLFPQTAA
1,MNINDLIREIKNKDYTVKLSGTDSNSITQLIIRVNNDGNEYVISESENESIVEKFISAFKNGWNQEYEDEEEFYNDMQTITLKSELN
1,MEKKLSDAQVALVAAWRKYPDLRESLEEAASILSLIVFQAETLSDQANELANYIRRQGLEEAEGACRNIDIMRAKWVEVCGEVNQHGIRVYGDAIDRDVD
1,MKITNDTTTYEVAELMGSEADELDGRIMMGLLSRECVVDTDDLSEDQWLALIDESQKVRREQFESDEA
1,MNTYLIDPRKNNDNSGERFTVDAVDITAAAKSAAQQILGEEFEGLVYRETGESNGSGMFQAYHHLHGTNRTETTVGYPFHVMEL
1,MDEGTLLINILTGPAKDKPLWFEFIGIGVTISLAAWGYLRAFGAWEKQKKRELELQHKQRKLEIKLQFEKQRYEHELKAAEGVWPLLAYFSLWENDKSVFVKRGDHWYFRQEQGREYILALSENFFNKGYGVFMPGPAKENLYHFRGMIYKLLQDSKSNGNDNNEVLLKNQSMVQKKDKQAAPNKKSVEQLKDEINASLRNMLQKSEIDLD
1,MEKFSLYDFLAIILPGIAFIVVFRIIFSSLHLSLPVDIPLGLESTIVYALICGAVLYVLSFSLVKLFPRLFGLYRHVADLYQKMKALHPIMNDTLNRQAERWGLGKIYLSEEEFCQSEEKEKIRMLQSDFYDRMWYRLDFRGKLGSAKSFQCYYFFFRHSFWGLVLISLILLSYKLLAYIPACDMEDIGRREYSDIAVPIMILSALFVFLAQWFRIKMVEKMYWTFYISLIEQENSNL
1,MEKLSLYEILSFVVPGYVLLELSKWFGSFFIDANFNLDESLSNSLLQFIIALFLGIIIHVLTFKIFMKIKWYKDLIYKSVQKISVENDFIQKAIPFLNEHYIAHRKHTEKPVNENEAENNLFDYAYYYLEINDKIAAAKSFQSLYFLFRNFFTITLFFLPISVITILILYTQNYCCCLQRTALTAFILLIIIAFILVYIGRWLREKTVEKVIWSYYVAITHEENNNKTK
1,MIELINFSAEYVFGKAPLITAGNLSDGLLFFAIALFIGCLIHIITFWLIKRKWYKKLACTPMDKMKNDEYITEILPDLKEIYRTNKGISVTENISNGSVFDTAYYYLEAQGKISQAKNFQSIYFLFRNIVTLSLFVLPVSVIFLLASFFMNDCSLSEKIITIIIGTFVLGGLSSVIAQWFRVKMTDRIFGLYYAELTHNKK
1,MAYGKSRYNSYRKRSFNRSNKQRREYAQEMDRLEKAFENLDGWYLSSMKDSAYKDFGKYEIRLSNHSADNKYHDLENGRLIVNIKASKLNFVDIIENKLDKIIEKIDKLDLDKYRFINATNLEHDIKCYYKGFKTKKEVI
1,MIKAITMDSEELRNLLYIEYPESDINEIEVLDTVPEEEAETVVRELLVNYTEHGINYNDTVDIIVDDEPYYNDIPMKILFDYMKDYGKTCFSIILKLTEEYYSDFLPLDTAQSANDITKTLIK
1,MNTQIKVESYVQEEVKVIFSEFEKFLRNKSSETKNIKYNSGFPVTSEELEDFLHEFWMIIGKELYENEVGNVYHAQFIVKYKKIIVSVSFYFVKEDNIYKLVQVTFDKIFFGKLYELKRQLSQKKQ
1,MIDEKAQEKVINLSQKYVNSRKILAKVRRNRLERKIIKELAEFYGIRKDNIELFNNEIEFEFKRQYEIEDLKQEINVIVNLKIRKENNKLKLLEVKLEKSITSNS
1,MIKNMRLQDFLNEVFELAEKYTRNSGEKKNIFKRIRRKMIEKKIIEGIEKYYYTFYLYLYHGLDLTKNEIEFTFEDEYENKFEKIKIIVKAYFKVKIEDNEFKLINVKFEKSVKSIS
1,MGKKMDDIRNLSQIIETIQKLLMSTEIGVKVVNFENSLDLHYEEFEWLIEDFTSDNVKHYWFFSGVQDGRYDIFVFDNPKELKRIVIESYRNLERIFIKSIQLIRYPR
1,MHICKSGEKRMSKQIGVKNISYSISSLVEDFFIETQKQVKILRPKRIFKFDKDQMQDLINELIFELDVKPDNIYAYDSAIYQMFEFKFKLSVIRIYFRKALENHKIVFILEKVEMIKYH
1,MNVENQVEKIVSLVENFFDKSNKPIETIKLNGKVMFNEEQYDDLIGELAMTLARGKLEIYEREIQSLYFSEFICVKNNEIVTIRMFFEKTREKYQLKLIEMTRLIFKCQ
1,MTNIIMVKNRMVNTVVRKEVTKLYYDIKRFFNDPNAKKLILKYDKPIIVRKSAFFSWIAGTCIYEHENTYYYEDDFGQYVEMKLDYEERKKEDVIEISKIILSRLSK
1,MNGQELSQKIISVVRDFLNDQFVQRKVLKTKKELTFSEKQLKEIVEKIMEYYGINSNNINIFNDKIEFRFDYDFGTVFGIYHETRYIRLFFEKRNNMLKLTKIELEK
1,MMEELMEKIKEFLDGKNAEYNIGQPEETVNDTTLVEIKLGKPIELTENEYEKLSDLLRFLGFRPTDIWENRVNDSLNYRSYKGVDEFLDKNNDQVRIYYTKVSTGDETTYFVNKIEFETEENIQKYFNELKKYVNELF
1,MDTHEFHKLLIKVVDLFLEDRIKEFELKLNTTLDELEFEELIGKPDSSNSAENNGIFIDEYSYDASENAIKKLFVEYVRQPEFKYTVLSIKGVNDWVRE
1,MLYYSKRLKILRHEKIKRYKCKRMKKDLNMRFYIMYISDQKMTNENVKKIRKIIDFFINSSDKEKEINFEKPLLLTRGETIEILGMPKNSILTTRFDLWTELLIYDDFKIIIIYENSDDKVFKIYKIKLMKN
1,MAKTLHELIDDFFKSQDKQLVIYFAEKVEVDEAEFKELVGNYVPIDFVVTGKVNVDLYYIINKGYVEIGYIKKEQGKYQLLSIHAYKECEQQ
1,MSYFYGNIGERKISFKEVKKIIDLFFEDSNIQELSLKFKISFEINEEDYRQLIELAFSQFIYPLNDNIEIRINTMELTDNEKDLLYEIQIVRTKKL
1,MGFREVKRILNIFLKDENIEELTLKFENPLKITLDEYNELTRNFKLIDAKNDCWISINMFMYYDLSKTVVKLIIHFYSDYDTINVYEINLFHEKR
1,MKFKELKELVNIFSKNAEIKEIIIKTNDSIELSGDEFYELTKDKKFVNTSVKNAIFTVEFEQNEFTKFLFKYEEIDDIAYVKEIKMWREV
1,MEFEDLDVVLYVFFENQEMKSFEFEFKELFEITENGLRYLVGVPDSRNKIKSNSEIIEEFIYYQNDNIVIKLTFYYTKDTNKIYIRKIYGWREKRSESENEEDNI
1,MEKQDLEKIESDIINDWTEADDLDDALDFLFMEKVSEFKIKFKDPLKVTEEEYRELLGNYDSSNSVSSNGITIDQYTYDEDDDIMYKLEFTYRKEDNKIYIYEVQGWREKKK
1,MIKMLIKDLKNVLNVFFANQQIKELSTEFKEPLLLTEKELEEVTGNYDYKNESRYEDIHMLEYNYREFNNIISKLEITYIKKDNKIAITEIHLWRKYEK
1,MHICKSEVKGMKSMQNLSQLESYMKKFFEDQTAKEMVVLFSEPIVITEEEYRQLISGGRYIAGTENYGMINEIFEFHESQKQYVKMLLVYYKDTDKIYINRIDCWRETSFLNEDEEDNI
1,MVKKMEFEELKSIIDKFFQDSTIIRINLRFNKEVIVSYNQFEELIRNGDLTHRYADKNITSDIYEYRENINSIIDYYWKDNKICILEIDFWRSS
1,MKKDLYMRKIRYKRSDRKMKYKTLKDMLSPIFENSELWEVDLIFSPEVELDEQEFKELIQNAILLQQVINNKIYSDFYEWWEFENQYLELEIDYYRYDDKIFVLELHFWREEKK
1,MHHTIARMNAFNKAFANAKDCYKKMQAWHLLNKPKHAFFPMQNTPALDNGLAALYELRGGKEDAHILSILSRLYLYGAWRNTLGIYQLDEEIIKDCKELPDDTPTSIFLNLPDWCVYVDISSAQIATFDDGVAKHIKGFWAIYDIVEMNGINHDVLDFVVDTDTDDNVYVPQPFILSSGQSVAEVLDYGASLFDDDTSNTLIKGLLPYLLWLCVAEPDITYKGLPVSREELTRPKHSINKKTGAFVTPSEPFIYQIGERLGSEVRRYQSIIDGEQKRNRPHTKRPHIRRGHWHGYWQGTGQAKEFRVRWQPAVFVNSGRVSS
1,MVGKSKIDWQSIDWTKTNAQIAQECGRAYNTVCKMRGKLGKSHQGAKSPRKDKGISRPQPHLNRLEYQALATAKAKASPKAGRFETNTKAKTWTLKSPDNKTYTFTNLMHFVRTNPHLFDPDDVVWRTKSNGVEWCRASSGLALLAKRKKAPLSWKGWRLISLTKDNK
1,MELIHTSDEVIKKIHKDGTFDTFLFFSASKYLAGSVASRKHYTYKIEIEEEEILEASRMFYLHEPKEISDIISTVMSRYGVDEDTACNLLDESESIYDVESEAEDLAEAAWEMQTYTAKAARSLGYRGVQVTDEQGAAWMIDMFGREADLVRVPNSYRAYQEITAEEIAAALAIEDASA
1,MYHTSPNKIESGSINNNGVAGSCLFFSDDVYVMTASNCYYVYEADFDCVRASQLHDEEIISEIAEYFNCDLELAESLLDASENEWQQEFECDAESSWWLQGKRGECAVKMGFDGCEDEDEQGTVYIIPMLGREDELKLAEVVNG
1,MATMHLIHGSSKAHIDGITETGIFGGIFTLDYNPGCVNHGYGEHLHIVSLDDSEICRHGDITERLSRERIDEVIAGEIDLDALDEYDIDENERAEVLNMLRRWALETDDANSIEIYFGGDDCEYGGIFEEILVGAQAFDAGSLGFEIQRIRGLLARAAGFRAVDCYDENGISTLVIGGIGTKIMPLEEFEKASV
1,MKTYHATNNQELKEIIKGHGDYAGIFTSENISLTANGDYGDYIYQVTFDSICEKSDIEEYLDNNPEFLIAHPDFIADCDNDAEQDIIYFENQKLRALIAIELGFDAVEENDGWLVVNGKVEFLGHRNSEEVETEIEENW
1,MKLFHGSYSKTAPVIKVGAYALGSSDNIFDGLFASADIEIASSHGNNAHAYIVEDEKIATSSDLDARFEEVHAFLAEELSIDIEDVTEIADRVMFDNDSDVTDFAEILSPRSNAFDGGQGDLSWELQRLRGRVAAHLGFDAVEMDDEHGTSYLIVNPAIKAG
1,MNDLTLYHGSFNKTKVKIKNGSLLIGRTRSANRYDGICATQNKEIAKRYGEYLHSYRIPIKEIANNQDLVGDKAVEVIKKELKIDDDTLAKQITFVVAYQHNTHEILPHLIPRFRGEYFGDENEYDSEIWRLRGRIADALGFRAVSYVDDMGFVNYLVVR
1,MQLFHTSPETEITPSTLGRFDEFLFFSPTIYVMTAGDYHVFVTSLNDSEIIEAGSLWYQDNWEAARPFIDELMGRLSVDEDTAMGLLDGSLSVYDMDIEPEDMADEDWNVQRLTARSAKALGFIGVAVEDEQGAAYMLDVTRIKMEAAK
1,MEVLHTSPQVIEEFHSKGLFGEFLCFSQDEYLMGDVKAVYSVELDDSDVIRARSLFYVDEADKLDAIVKKVIDACPIEIDEEEAQDLLDESSSYYDLISEKSESQDYESTAEFSWWLQLMTAQCAKALGYKACLMEDEQGAVYFVDVTQVQPTLKELR
1,MKLYHGSMIEHLAISNSGTGLGYNFGAMFFARTYGTAKGYGNYVYQCEIDIKDIFLNEDLPYLEDGAAGTALREVMAERGIDEKYFDLCWYAVVEEKIGYQDEDWVNLLNMDDDDASWEAQAMRIAFARKLGFNGCDMNDECGSIALLPEYIALNPASPEDDEDNE
1,MTALHLVHCSPVADLKVTKAHAHAAFDCCLFFTGVEADLDDAEAICEGAYVTSIDGDHIHVLDVEWDYIAARGLDLDEQAERDIRKIFSQAWEAAEDRREMECEGDDRAFVRREFDPTDILRGDEEAFVDEDGKASWALQRIRAQTARRAGYTAVKDWDEQGDVYIVDFAERENELNAGWRYVGRYSEICG
1,MIITHASKDKITKIENDDIFCECRMGCLFFGEEDNTYNLAGECNYQYNLEVENVLRMRSLNFKHNYEDCQIMQNVFEDMRIKFGFDESVSDDELSELLDNSLDINDYDTSIDDDMKSWVLQQFQGILAHKLGYDCAESEDEQGAVYIAFCVDRELELQEVVI
1,MLYHTSPEIITSIKNGLFGQAVCFSASPYFMSKNPDSAWVYNLDTDALNSGTDFAEDDFWLQRQRYDAAMLIGYDGVEQRDEQWMFSLEKIVAQKPVRYAEWSPFEQ
1,MTTIANEYEISTETVFSGTNGDVPESILGYGRFSSEFDNRFGGIFASPERAVAESHGETVFEMSLGRYISADDFRHLAFYSDHAEDVAALMLAEIDDERCVSDINADLMLELVAEDENVFDLDNEVASELLEQFGFDSLGELSWDIQGLKGEICRRMGFDSVGMEDEHGESILVLNLI
1,MYLAITPRVNDLTVEKDSAYAVDGVAVGTQYDYLTHIDLRNEYGNFVPWQPTQEDMMACDWSLIKELGDMLVFDLKSEFDEDSKYYGYLSENKISDPDAKPMGTLIITQNATDIKNMLIFHTIIQDSGYIHFSVSFDEIDTQKVMELFNKNLYVKVDDIIHNLGKASEWSKDITNSTYGVLYYNSSTNDAEKLGNILKQTGETKRFYCNWRDE
1,MEFSQALAHLKNGGKIRRSSWSEGEEYVFEVKDQQWQGHEINPFMLIKTDEVPAYSMFQPNSCEVLADDWEIVD
1,MKQGECVKRSSWGGYWFIHEGVHLHGNGKAARMNHMIVAYLRDGAGYAPAQPYQQDLLADDWEIVRVDVFDEKKTEPETSSPPERHYFTEEDVKGKTGLEILEMIRKR
1,MKFSEIIDRLNEGEAFSRYSSPAWAGKFIVKQIPQTVPAEVVPRMTSLPDRAKAVIGTIGDGSISYHDQVLIIEVNDDCSKSHATSYIPTWEDIFADDWQVL
1,MMTAQQLNATISLIADAEADYAGDYMALLDTISRLGYTITDTSKTTNAGYAAIISKSGLTMTGYGKTLNYAACAALIKLHDLILRNEAMIDAGELNFRQEHAPLAVAQLWLSEGCKVARAAWGKGVYLHLTRGLTRAALNGSDMYGVPARYFDCSQDVAVTQMPQLLLIDTEKQTISDWAPASIDLLATDWRLI
1,MADLTAPEGSFARAILQLQACNRVNRGVWHDAGMYLVRNPGLTEQVVVENDWRAAAGIAAGTAFSYLPNIELCNAQQDFVPWVATQEDREATDWSGVDEHGDNGKVIVDLEVIVLTGGEGETYAAKS
1,MRFSKALDELYSGKKMRRKSWKKMDYLFVSDHAENENNEAWDELFDHSKANISSLMLSNPKIIIKNPKGHDVYTVWNLKQEDLLAEDWEHALQVTPRIDGATPDKLELHFIIDNKCIYSPDEMRRSLHEATDKIVDDLVKGVSEIGQE
1,MLDFCYNEREYKSKEKMMTFEEILPGLKAKKKYVRTGWGGSENYVQLFDTIEQNGVALEVTPYFLINVSGEGEGFSMWSPTPCDVLATDWVEVHD
1,MNFSEAIAALDEGEIVRNRFWPVNKVGVFKQIPAVIPAGVVPKMTSLSDQVKDYFQKSFEDATAQINEISYTDQIAIIGPSNSITGYQFSTADILSGSFEVVKYKS
1,MTRAMTTACEPFHVPGQLLQLAGGIQKAGDARFLNALTEAHMNFQAALETMRTGSAVARRIWHPKRNPEFLVFMPGREVQASFEPMVTHLGKGCVFRTRDHIDAVFVSDTGLECVVGYELSQADIMAADWYVIENL
1,MTVLANATYTEEDRILSEFIGSNERWSCMGDALYHALSNKGINIETVSGGDSHAVTVTVRGCSLTEVHPEPYVALVEATVKLLKFHKEAVAGGLSIAKANIPFSVAIHWLMNGLDARRKSWPKGQYISLEPGCIESKDKMVSFLPEGVFNVQKGVKVAVMPRLVMMDGALQARSDWFASSVDIMAIDWEAF
1,MIGFSRALEHLLQGVRVARSGWPQGRFLIVVPGSTFAVTADRPVGQAAPQLVGRTVSYEPHIDVVDLAASTLAVWHPTGADLLAQDWLITELFPHEH
1,MMYTSILKRDLSYSDALNVLMVGKKVTRSIWEGYWFLTRKAQVTETKDDDYVRSFDLNPTIFAVLKDMSGVAPAQPYQGDMLANDWMIVE
1,MDCGGWSWGIFVSTINKEDIIVDFGQALLALKSDHKIARAVWGNARFLLLINPYGYSVKVNMAINESPLLAFIGLKTPDFFVPWSPEQADLLAHDWIVLDK
1,MTNKSEISHGGGDQPMEKEQSNLSVLVNYSTGVMEGDRFNYSVALALLKDGIKVKREDWKNAFLVFVPGSQNVELPKGSPYEVALHGKKSVANIRPHIDLYTEYGEFEVGWTANQEDTNADDWMIVLDKNTNQDDSADEEKESSNDDSKS
1,MDFSEALSAVKNGHRIRREGWSEDSYVVLQPGYPDGIEINANTAASTGVEQGTRCVFDPYLMAWNGNAKTFGPWVPTMRDLLVDDWSAAPVR
1,MNYGEALEFIKRGGVARRKDWQPQQIIYLQQGSHDGALKGHKRLAAVLNAELFQTGDKGTVTRLPNINMKTPAGETLTGFNPSQLDQLAEDWEIVDNG
1,MSEVMKPENECPFDPKQYECHSVVAPVGSFSWALIQLKLRKLVARSVWGDKKMYLCIVPRVNDLTVEKDSAYAVDGVAVGTKYDYLTHIDLRNENGNFVPWQPTQEDMMACDWEFVKETVKPKPKPEPEPEPKPEPNPDPFPESALRLKGKLTVGSGMDRYGSYEYECVGYSKNFHELNIGEWEEISNNTPIGTLVNWVRNENLA
1,MSELMAKEGTYACALLQLQDGKRVSRKEWGSQKECLLRHPGLADQVVNIGDYPAQAGVKVGTRLNYLPYLERHTASRNVMPWLASSADLEALDWEVIVKTPEIHKQVEYRLVLDKYTCSSSRNADPEYEKWTVSEPHQSMLIDSNLDFNVPRFDWVDNHAAKPNEFSVHFSNQSPEAREKLSAITDKKLTITVKGIEYPLGHHTPDSDYHHPRYQGSEAEKIGGLVKAQFGTLRFHFKWHD
1,MKFGHALELLEKEEKLRRDSWAPGSFIVMMPSLYLPPFSTASTFLKVNDRTAKHIGVNTPLNSQPYIAFFNGETDEWQPGWLPAQADLFASDWYATKQTPY
1,MYFSEAFKLMESGLKVKLPSWGGYWYWSKEKKTIIMHTKDGIEMDIRETQVPEYTFKNIASDDWIVADEKNCPELGGENTFSFGEAIKYLKRGFKVARKGWNGKGIYLEMYSPEVNLETIAEAVHNAWWEEKKKQGVTDHPDMIPYSELSEEVKEYDRVTARTTIEAFNYMTHSFIYINTTGLQTENPYAPKNKVPWTPSQTDMLAEDWVFAN
1,MQEIIWKARNDGFSNLIREFYKANKETEKMKTAVVNGKILTPGLYYTLVSQDGERTTAYLYSNPDFFAHQEKPREPHKDYSALGFGLNIADGGGFLWIDEVSKSTDICMTFGQAIEAMRQGHKVARAEWSRKGMWCHYESPEPGIAPMLTRRGEKGTLCYNWIANSEDTLADDWNVISGGVAG
1,MPFQKGQAAKTEEAEKALEIAAAPVPYRRLDDVAVRHDFGFALHWMRQGSRVTREAWHASGVFVYYVPAAAYPAQTDIAKQHFGENGLVPYHAYLAIKRADDTVCVFVPGMDSILADDWVVLE
1,MKYQSEQIEIDAMLKLFPEDIAIQIVVNDDVPRVNGRPISEQEFFETASTEKLAIAAAVRGVKKLIRNKARVKTLFLRPMLVTERADKQFTCFISAAVVLKLPQVDFSKALLALKNGETVRRAGWNGANQHVYMDVFDRDGEYLEPCFVLHNAQGKRQPGWVPSMGDMLALDWEILPA
1,MTQEQVKGPLLLSYGMVNDLMIRSLENKKARKFARKGWNGKHLYIQIHGSIPTNHIKFEGTDPVNPLDANFAYIQPFFVIVNEETKTINTWVPSVSDAQALDWYEVI
1,MFRRTTSRDRPTTKRWPVLSGRTATGTVPGCELPFSEPHLKARRARSREPNTLGGMNFSAALELLRSGRRVARRSWIQPGKYVYLEPESVCVSPDGRTRRLAAHLRFVTADGTVQAGVQPSHAGLLADDWYSVDEAGDRAGNEAGGGGGS
1,MKKYIGTKMVNAEPMNLGNYNMCRGWEIPINENPNREGYKVQYDDGYVSWSPKEIFEEAYIKTHGYDFSWGLIKLKQGKIIARRGWNGKGMYVALAGKEINDIVTIEPFLVIKNTKGTFNTWVPSISDLLADDWEDVTELYSK
1,MKFGEALEAVKSGAKIYREGWNGKGQFVIKAGGYTVSEPRPGSDYAKAGITGEFTIAPHLDLKNAQGIMQPGWVPSMGDLFADDWLATPVIHDHACINCFTGKGPCLGDCNVTDTNKSMALSFEDVVKPVIKWLNENANPHALVIIDVTNATLLIGEIGIRTEKYLKD
1,MNNMTTKELFKFLPKYKAHKNVSASKIKNVVIFGVTDAPLWGCIELVEPKGATVCVDAMFLQKHRPKTGGYLIVYENGYLFYAPEKPFEERYGLVNDASENGTTVIITDDNGVITNLTGRVTISAGGITTQQEEIDLEAADFSDALMWLKDGKKVARRGWNGENQFCWLVPDKQGASRLTPIKHAANGELEINFDSPLAPYGAHFVLKNAQGVVVPWMPSVGDLLACDWFVVE
1,MSKKLVAASMVAYIGTKVVMSVAMTRGAYNDYQGWQIPENEDPADPGYLIEYKDGGTPNHPDHEGYISWSPYSIFQETYRSNGNLSFSDALTLLKRGYRVARKNWNANNQWLSVSNLDTAAVEAKNFWSPHNREYAEQNGGVAIVAPCITIKNAQGLIVMGWVPSQGDLFANDWMTVE
1,MNFLDALNQMKKGIPMKLPSWGGYWCWDPKKETVVMYTKDNQRLDIRETQRVEYTLQNVLSEDWVPANGENTPVLGGTATFDFGDAIKYMKRGLKVKRQGWNGKNQHIELATSISYKNAEGEVVNCIHNDIGNKAIAFVGTSGVQMGWLASQADMLAEDWVFVD
1,MMNFAEALRACTADGKAIQRQGWNGKGQFVWFVPAGNYPARMEVIKDHFPDNLVPYGSYYALKNAQGSVVPWVPSQGDMHADDWQVTHVSTCAQSEAEVNSPEKVVVNSSLSEDYARAQERQHLADLISQLCGSLRNVTNGNTAKELNDIILKLTAKLNAII
1,MAKYVKKPVVIEAYQTDKEMIIHTLEGDMKASVGDYIITGVHGEQYPCKPDIFRKTYEPFETKAETNLTFGEMLEYLKQGRKCYRRGWNGKEQYIVLGTAISYVNPDGYAVNTNHTTMGSAAIVFVGTQGEQVGWLASQADILSNDWAIRPDDCEYNCCG
1,MTEIEIEQEILRKGLTAPRITPEHIERLQKVGQYHRFPGTTVIICCITLENGYTVTGESACASPENFDEEIGRKIALQNAVNKIWGLEGYLLRQKLHENTPLTAGSNESCGSANVSNKTSGDVVGAGLVFGEAIKALQSGKKVARAGWNGKGLWLELQVPDTNSKMTLPYIFMSYPGDAKTTPGARVPWLASQTDMLADDWLAIQ
1,MGGTPVPKHNPDFGIDEHGNTNEPYLGVYIETLEGKMLASYGDYIIKGVNGEFYSCKPDIFEKTYDKADDSSSAMDFGDAIEVLKQGGTIRRTGWNGKGLMVFKQVPAHIESDIIPKMQSLPQSAKDLILKSKGFIDYTSQCLIYNENTGRADSWVPSISDVFAEDWEIIQ
1,MLNPKNGGMYFCNAEEIEKNYTPTTDTQITLSPITDFEKYSSSDEVVEALQIPLLGGIRRFIGLTNIDLTLRLSPKDVYVSVQKNVIRKSEPPQILALPGDWIVKHVDGSFSTCTPEIFESTYKFIDIESADFSDALMWLKEGKRVARKGWNAGGQFCWMVQEGQYPARMEAIKGYYPTDIVPYGAYFALKNAQDVVVPWVPSVGDLLATDWIVIA
1,MDFGEALKAMKCGKRVRRSGWNGKGIFISIIFGEAYEDASRNKYMTHDYICIDTTGLKTDNEYSPKDRVPWVASQTDMLADDWKLVETQAEQTKRVIKRMRDSSRKAQKKLITNSTINVKINIDDDSLKTAVKKIDEHLSMSYRPVSTVYLKLDDAEHVRGMAIPFKTSYPDQIKEVQDVLQQNIDGGLISIN
1,MDFSGALKHLKKGGRISRKGWNGKGMFIRLFDTNPDRSLRSDGLRGSPFLELKTVDNLCVPWTPNQIDLLTDDWQLIDEEVPEISNLTREM
1,MEAPKLTLEIAPKSLEIDGKDIPIEFSEDVSVKNSFGYALELLKHGKAVKRRGWNGKNMFLSYVTAAEWNPKHRNLLLGWLKLGFIAIKTADDYVVPWQPSQADMLTEDWEEVELWK
1,MRKFNLFDKVEFTEKNTGEKNVGCIVGFTTDEEDGCIIDKESGTCVEPDEHAYLLLIGEMSQTKSRFEEFMETELSVPNLNLPFGQALVALQQGFNIARKEWDGKCFIVKQINSDIASDIVPKMQSLPDAAKKEISKCADGTIHYREQCLVIYPDAECGCMATNYVPDWQDMFANDWMIVE
1,MKLVPGLYYTLTIDSEVTEAYCYLNKDYHLTNSDDYDPNKDYSEIGFGFNIADGGGFLPAYDLKEDSVISLDFGQAVKAMKKGLKVSRIGWNGSGMFAYYVSGGSYPARVDAIKGFFTDDMVPYRPYYALKTAQGDVAAWTPSTSDTLACDWFIVD
1,MNFGDAIKELKLGKRLQRTGWNGKGLFIYLVPAASYPAQTGAAKAHFGEGAMVPYAAYLALKNVDETVSTWAPSINDTLAEDWQVVGCTVPPHQQRVLDEKQELDIRITRLDEFILRNALFRQLDPEEQARLRRQLDVMRELSVILGERISAF
1,MQTYIGTKIIQAEPQRDADGQGGYKVRYADGYESWSPTEPFDTAYQPMDGMNFGHALEMLKRGERVARRGWNGKGMWLVLVPGTPNAQLRDGTPYKTATGLDECEILPHVDMWTVNSEGRRAMLPGWVASQSDILADDWMIIN
1,MIQMIKYRKKTLIELVERAGCGGYTVQNEGQPGDRWTIPQDVFETTYEQAYPTSVEELAASGRSFDFGYALTLLKNGFRVARAGWNGKGMFAVYQKGYPDGIPCNKQTADAWGMQEGELFKVEPYLQLKMANGSHAMWNPNTLDILAEDWIVLAEAEAPELAHAGHHVVK
1,NYDWSFYFGGRNMTFSEALEQLKLGKKLKRKNWNGKNQFIFLIDRDFLEDILRGGTDEKWGDRPWKENAFLNSLEVTEFNVTDLLAIKTTANQLQLGWLASQTDMLSDDWEVIDNSLKEVKTEDSAIGSDNAAASAINNPVKHAIHNSFMPGA
1,MTQHIGVKLINAFPMTRQAYNDFRGWQLPAGENGEDEGYLVEYLDGGKPNTDRFDGYVIWSPKEVFEKAYRPVSGLSFGLAIEALKLGNKVARAGWNGKGMWLAYVKPYTEAVHTGSTPCFCSRVFELPEGTHGEPKRSPKQLPYIAMKTADDKLVPWLASQTDVLAEDWQIITM
1,MNFGQAIEKLKAGKPVARMGWNGKDQYVYMITGKELSKGLKYGYGEYEGEPRFTDVLAIKTTANQIQTGWLASQSDMLATDWFEVDQSEKKYNVVAIEEIPERVEAQFWFRLDHGKLGTWSKMGNTDKGQQWTDAQIKDYGLEGFEKIEVKPRAD
1,MSEVKLPEYQSIKVVGAAKIASITGTAIGLDLHKSIVEIEVGRAWVARHQPEVGGYFVRYEDGYESYSPAEAFEKGYLALADAGFAASFGVSFGIAIELLKEGDRVARKGWNGKGMWLELQRPDADSDMTLPYIYMRTADGQNVPWLASQTDMLSEDWVIVK
1,MDNNTSTVGTGRSLVDFGEAVKALKEGKRIQRRGWNGKGMFVFMQVPSSVPAEFVPKMSSLPETVKEAFSRRFDSMSKDLKGDADIRYQNQLAMVYPDNNIYGWLASPSDLLSEDWMILD
1,MTRCLMAKMIRSKYGYEPPEWVQADARLDKWCKDKKRRANKHGAFSLDKNKEEAIMNFGEALEELKRGNCVARKGWNGKGIFIKLKKGESLNTPNNRFNEVMTHDFIYIDTTGLRTNNPNAPMDRVPWLASQTDMLADDWVVVE
1,MLVRYAPTAEEPLGYLSHSPRAVFEAGYAPLIPAQHRKSYEGGGRGLTFGQALEQLKDGDAVARDGWNGKGMFLLLVPGSQGLTVDEGRPLAKAGVPVGTRFDYLPHIDMWTAQGAFVPWLASQSDMLAEDWCVVQREMPTADHAHDDLGRVA
1,MCLSLIGKRWITAMKDLSLVNCGSIGQVQRTTENLSFGEAIDLVKCGYRVARAGWNGKGMFIFMQKGSIDYGDEGLPLLTEGIQSSLFEKGDVGTVTRLPCINMRSASGSTVTGWLASQTDMLSNDWVLLHEPQTN
1,MNFGQALQALKAGYKVARIGWNGKGMFLILISGTKDVEPCEGTPYADLAVSPQGIVTINAHIDMKTATGEMQPGWLASQTDMLAEDWTIVGNETVVNSVGEYELPIGQIVKVDGFPFELREPVRALSSQHVLDVLRADKNIGIQAV
1,MNFGQAIEALKQGKKVARKGWNGKGMFLYYVPSASYPPSTDIAKEAFGGQNVPYGAYIAMKTAQGNVVPWLASQTDVLAEDWEVIGDRKKEERIYTDRDGDRTKIYHGRSNGVYLGGEDDIVCFTNREELQSFIDMLVAAKEEMTEEVSA
1,MNFGSVLELLKQGEKVSREGWNGKGIFIITLWRMLQMHFMNLFLVNFKHIGKISYKKGSTNKTRISCASKILYRKKLMSYMYRTSVPA
1,MVVPVRNFKTFILQEYSKGRSKETGATINDWIDVATINISIVKSRQSLVIDKVRRIVETYKGLTKSNLLIADTTRLISIDKTECYLVKNVIPSLWNNIELEKLEEF
1,MSINSNMKSLILQEYRDIITPSMARKKEWVDLENPILIAIYETDSRVNTNNVRYNESSHIGLTFSKDISAKNRLRDGNMIYNIIGVNPQGRLSQVFLKVIENVK
1,MSVFTDFVPAILQINIQEQGLSGAPKKTWIDVSEIEVSIYDNDAFKSSQSVKYEQSTHNGCTFYKNLVPGKEYRLIVGMDNYEITSFNTSGRFTTLLMKRTLYAKQ
1,MRYIKFTLEQLVRVQDALGQWKESWEPIQDISVATSSKLYSTVTDDAVYRKYAPTGITMFKGFEKRGTYRILNNDITYEVQSFNTDSRITQLLLKEVVMSE
1,MINNSMKQYKLYKNAGNRNEYGELTPELTFLRTIEIAINNKDYSNVENDIRYLKATHIGLSTDKEIKKDYIVMNGVSKYLVKYVNPFGRLAQITLEEVI
1,MSCIRRNMKPVTLEKKALVQSSSGQKKETWVIDKTIELAIYPVSGSVMNPNNVLYNQSTNTGLTVEKTINETKKDTGHRINDNGTIYNINFVNTAGRFTQLLLQKNI
1,MSINSKMEDYMVETLVKVRTASGSDRREWTPSRPIKVSVFKINEQRQTLSLKYSESTHTGLTRCKYIKANTNRLKNTKTGALYNILSAANDGRMTNLLLASVETDV
1,MAVMNDMQLYQLQKLNAVRGPSGQEKQTWLDIENIKVAVYLIDEMSVVGSVRYDQYDYAGLTFYNGFEKKEKYRIVGEETYGIERAVQNGNLMHLLLKAVDV
1,MVSNRNMVKAILQTKQINRNELLEPIENWINTDSFQISINKIKNTTIVNGSLVYLITYKALTKYKNIIKKSSNRIYVPSTNKIYLIEDVGEFDGLWNLLSLKVLEG
1,MPFIRNKARKYELQKAITITTPSGAKKLDNWQRVKDIYVTMYDKSEKNQLTQTSAGVRVKKYSHTGLTPCKDVTAKYDYRLVSEENGIFEVKGVNNDNLMSELYCERLD
1,MSLNGRMKPHALYINNPIEDEYGSMIDNYEFLCQVMVAIHFNSMGRVNDDIRYKDCQYLGVSSHKGLDLKKQYKLVPKDGEGAGYFIKSINELTRLSQYLLQAVI
1,MRYETYKLYQLVETFDEYGNSKNDFEFLEDIQVYVNEQHLKVMGTNTCYFVKALQGVTPFNQFELGAEYKISNSYHEYKITSFINGRLSQLVLEEVKV
1,MTKQPFNLYQIVTTNGRYGEETEEVLIDTIGVAISQQHMKSFTNEIQYYIKVETGLTSYQNFTVGENYFISDSNTKYEIQSFIVGRWTQLQLKQVIV
1,MISRRMKAVKIVERDISDSVFGKDSRPREVKTVQMAICTLTGAEVQYLNINAQGSSHVGLTLDRTLKHGQEVHDGDDVYRITYPNNDARLSQIFLERVIADG
1,MINSNMKEFTLQQKVTIYDNYGNPKDEWEDIDTIDVSIAKEKLFKVIGDQTYILHQPMGLTRYDKFEKKYQYKLVSSSEEYLIESFVIGKLTQLILKEVIVYE
1,MKEVEVYCLIETTTPSGAKRQTWTKEPAPTPMAIYQLNQFVSVVMYRNTETTHFAVTHRKNLVAGKTRLKLDGQCYQVEHVDREHRMANLSLKEIQPW
1,MIINREMKQAYLQEKKKIRTQSGATKEDWDKDNQKNIKVAIFSSSHEANFISDGVKFAECTHIGLTKEVDIGIGRFRIIQEDITYLVKDSKKSGRFTLLILKEDNTNV
1,MINRQMKTFELYEKNFEKDQFGIKNESWVYVDDIQVAVNYSNVTALNGDLVYLQHIYRGLTNYKGFNLHKNYKLVADDEFFINNINQLTRYTQLELEMIV
1,MLNTGWLAAPQYQKIMAQGTDYFKLTIQNYLDARAREDELFAPRYANPKKNIDDCCTFIINQVRQSGCNGFADEEIYSMALHYYDEEDIDIGKPVSCKVVVNHTVELTEEEKAEARRNAIRKAESEAYAKLAKAKSKPKKIEDNKLMPSLF
1,MSKQESIKDIIKSYLDERARTDELFAKSYAKPNKNIDECCVYVMGEAFKTSISMAPNVKGSGVHDDVVYGLAVHYYDEDDIKVNKLPSNVRTSASTTTPAKPVKLTEEDEKKAREEAIKRLTEEQYAMLKKKPSRSKKEATEVKQMSLF
1,MKSTAYFTRTILTHLEQRASVDPLFAQSFANLDKNIDDCCTYILNEVQKSGCNGFTDDEVYSMAVHYYPKYIIIQSCLYPILIVNTLQSIVFRIALDNISLISGSLLLKFSLLLGLFTTFVKNTIG
1,MKGSDQFKTAIENYLNQTAQSDGDFAQHYAKESKNLESCINYIFGEVKKTGLCAFDNQEIFDMAVKYYTDDTIGKPLPVSGRAVVRQSAEHDLFTAAPEVPQDASVKEKISVAQDSLVAQGISADENSAALQNTSPEQTAAAVQNTAVPKKVAHASKKQPQTLTLFDL
1,MKASNAFKETIKTYLDKLAAEDELFAETYKKENKNLDECCNYVMQCAKNGGSQGYADEEVFGWAVHYYDEDDVKNIKAVSGKVVINRSVKLTEEEKAQAKEKAMDMAVAEAKEDAKKALVGTVELTEEDLKDVKQKAIDKVVDEEKDKLTRKPKTTKTEGVKPVQQLGLF
1,MANSMKSNNAAIAVMQQMLQERCIAEPTFAIKMANPSKSMEGAVNHLCRTIQKSGLCVVDDKTVENILMDYFDEANIEDGGTPINCNIVVSKPELTEEDKAELKEQAMEQFKQEQLRELRRQSQPKAQPKPTATAPKAGAEIDSIPNLFDEL
1,MDTVFEQVIKSHLDERSHTDELFATKYSNPKKSIKECCDYIDSQARKAAGKENRVRIPDSVVFGWAIHYYDEENIKVSSHPICRASSPVQQQKKKPASPKEPSLVPVHESSASPKKERSKRNKVIEKESPFVQLSLFEES
1,MAVSEGFRAAVKSYLEDRASTDELFAIKYQNKSKTLDECLNYILIEVKNMKVECLSDAEVYGLAVHYYDEEDIKVGKAPRCRVVVSSDSSVQTGDIKRKRKSEKKISPVASSIQMPLFDL
1,MKASNPFETAIKTYLDAEINNDPELATAVQNKDKNLTDCCAYIMGEVKKLGVHAMTNDEVFTLAKTYYLTKDLKKIAKVSGHVVVGGTAEQVAEINKNNPPRKTPERANVAANPKQEAKPKKPKKEEKPADGTQLSLFELMS
1,MTFAKQLTECTNPTIKIIAQYLLSRDDIKLDNPKKSLDEMFSYITGEARKHAKNNCAAIDDDTVYGWAVHYYDEDNIKINKNVSANTAVSQTNNAVKKAAPIVKQKQVEVLVEVLAQEVGIKKIKAGKKDKPCEGQQSLFGDLL
1,MIYFVVVYYKINDLSIIRKIQERFGFPKCMTVNGEWQVIVEGKDWPLLQETEERGFIEIRNKSIRSMKATELFIKRIEDYLKKEADADQEFAKKMQEQPEKTPEAVCNYILSEVSKAKQSGWADEEIYGMAKHFIDEAELKDPGSGANSVSRVVVDTHVDLTEEQKQEAMAKAQKSFERKLEDEHKRKQEEQRERDRKAKEKRLQAAKEKHEKEASLMGDLFGGQY
1,MQEKLIKRQKLSQVHAGREGSSTHGWRTSGKEEVEYMTFEEEFESLKGKETIEEVSAYKIGSYLKERAERDPSVARIIAKANKSLRECYRYVKREVGKMVKNEPIVMMDDESVYSMAVHYYDEDDIKMEPSTKVVKQKAAAKPNEKPTAPAQTQQPKETVKNTRKKKSDPVEGQISLFEV
1,MKVSEQFKSTIKAYLDNMAEVDSLFAPVYQKTAKNIDNCITYMYSIVNRGVNSKSSPNNIYKILPKFTNINVSLGKFVYRHNYSSEVYSYFLNLRYFRS
1,MDSSQNPWIKKIGNYLLSRNDLEDKLNNQNKSLKECFDYILIEISKQSVKEGVTGYAAGDDDEIYSLAVHYFDEDNLEIGKKDFTTNADGSAELSRLMPKKQDVKEHVKDIDAIVNQKVKAELEKIREEEKVKKQKIEELKKAAKKHKEDMERAQMSLFD
1,MKGKTEFEKAISAYLEEAKKTFPNMSEALMKEGKTLTDCCNFIVDQVKKMKVNVMTPGEVFELANKYYLDEKIGKVNSTNCRVVVAADDISDVKVEKPKQVRAPKEVHPNQMSIFDLIENEA
1,MKFEDDLMKYRHDAAISYLGQLLKTREDIKVQLAKPNKDLGECMNYLMSCARKKVKGQCAVLSDDEALSMAIHYYDEDDIVVDRISGSVSASPVQDEEHEQGKNEDIEKIVSERVEKEVARIKEEVSRSNQEDVEKIVSERVQN
1,MKIVDDYHAYGKAVSYIKAIAEHLINKAKNDPLLQETLNKPNKSLKGMFEYVKSEARKLAKDGCAVVEDEKVYALAQHYYDEDSLDFEPKEKKEVNPKTPQEKKVKKVDKIELPEMDMDDFEF
1,MKTLDEKAAEYAASVVSCNKEAKECEGLIQTAYILGATTEGELLREETGTFGQALESLKRGHLVTRKGWNGKGMFIFMRPADELHIGFVAKDIKSLPQKVKDYYYQDCVDENGNPIELEKDDTVKFTAYICMKAADGSIVNGWLASQTDMLANDWMIFEF
1,MEIRQAISMYLTAKAYKDEGFMEIYGNPKKNLDECVLYIQAKMLEKVTEEQKKGGAAVVIPSDDEIFALAVQYYVDTDIKVDGDRFDNVKLVSAAATTFSEEEKQKMRQEAIKKYQDDVIAEMKKKDEERRKKAAQAKKPTSPTLIPDTKETGAEPKQEAKEPALQMDLFQ
1,MMEKQQPLKDWIQAFNSGSFESSDVKVQIKAGWYDWFCKDSSLKNKTKRMGNIIKQIKPGGKVDLDNSYVWFKNNCPLQGSLYDDFRIADLESDVTLIVVQLNSPWHDKTYTVYERLTHYEKVVFSTDSVKELVKWLNEGWDTHV
1,MPDELSVRQWQEQFQAGAFERSDYATQCAAGWYDWFCQDSALAGRLKKIGRVVMGITDPFILDNYYVWFKNNCPLNGPLYDDARFEPLSGERGGKYFVVSLDSPHERMKWALVTERYGFDAPEFDCRNIRDMIRYVNSIGPELRQGIIPPFIAEKDAVTAYAQRRGEPEGLHIYRDGEHCYSYTSRQDRRKRTVLAAASLEDAPPGFVSEQAHSIKGMYVYCPEDAGIPLPDLAPQDTAKSQKRKEPER
1,MSCPFQAMEGGNGMERKMALREFCGRYRKGDFKGTERAVQIEAGWYDWFCEDGELEARLEKIWEILRGIRNDYVLDNYRVWFKNNCPVEEPLYDDVRFEPLDEGRRDELYFGVSIHHGKLASGYQVFTARSGYGIEAEFGSVEDVWDFINNWEGNWDDAMLHERKEAEDGRPREMLEGILQVLNEAADMLAGHLD
1,MQKSAKYMRSIFKGGKSKMRSITVREWISKFNNGEFGAGDFDTQTKAGWNDWFCPDRELASRLKKMGNLIKNIENDYILDNFFLVFYNICSIDYPLFDQARFTPFRRIADKDFEFVLSFDCPYNGYKYEICTARSDYHTEFQCNTVEELFDYLKQLTEDYKKEEMNMDCQHQK
1,MGYVGKSRSVRSQIAIDNAEVPLNHITKDYILTFVTENNIDETLKNESVAMWKFVAKRHGSTSWHHVSKHYNKIDHYDLHDVAEYFSMNYDSLKNDYQNLLDQKRQAKNDLIKNLKLGIIKVQIWGGTKRYPKLEGYESVMGVVKDGWLHTVTLSNQTKYKITGNKIEEITIFELDQYDILTKKFPEFRAMKRKINKEVARLSK
1,MAILNNKGEKISIDCADLISEVEEDILIFGGTFLVYAICSWREIEQVEYISDYVHADNPESYKDELTTKEYAELKEIYEKDLEELKITKNKQMNLNELLSILTIQNSIT
1,MKIDTTVTEVKENGKTYLRLLKGNEQLKAVSDKAVAGVNLFPGAKIGSFLVRQDNIVVFPDNKGEFDLDFFNLLNDNFETLVEYAKMADCLDIAFDINEKSYFNMIMWLMKNIDENWSQSPYGESFYSSKDIDWGYKPEGSLRVSDHWNFGQDGEHCPTAEPVDGWAVCKFENGKYHLIKKF
1,MKLIVEVEETNYKNLVNYTKLTNESHNILVNRLISEYITKPYELRLDLSERYSNRDLIEFKFMLIEYCKEALQDIKELANSDEAYETDEAFEAVFRQLFEEVISNPDTVLKAFHSYTSFLEENK
1,MKLIINIEDKNYKYLTELAQQDNTNIGSIVNNLIQTHITDVNESYRSVDKKELDEFSRVMQHYFHEDLASMYDVIGSDEELSTDKQMLKVYKKLYQDVALRNGIALELFNAYKKG
1,MDYDNENYLIPKILLQDDFYSSLSAKDILVYAVLKDRQIEALE KGWIDTDGSIYLNFKLIELAKMFSCSRTTMIDVMQRLEEVNLI ERERVDVFYGYSLPYKTYINEV
1,MKNYEVTNEVKNLNTQVETIGQAVDLYKEYGSNTIVWSIDK NEDLIDEVTELVAEYAEKGTVIK
1,MTTITINTYDPEARFNMSGEEAKEFFAFVEEQAKVSGFDVCYDSCTYVDEESERFVEKCFQNY
1,MTTITIAYEVSNDKVETIKTMVESQQIHNVNFNGEEFTIERGDFTSIDKDEAEHVKLLNKIQDIIHGYS
1,MSLSDKKEQKEAYLDALRIAPLDRGVLKRIHAVNDNTLDKWLYVADRYPTFRACWELWMFQRKRRVLISRKLHVLINRSTNRTIEAFEKTYPPEERVVGKSYRDLVTEKGERSANMYIINGEVVGAKDASILLGYSSYNTLYAKMKRLGIQPGDDISHLKPEKRGRKKECS
1,MFSEIKFSSLSDHALAELIKMAMEEFQQRLIKPGVNTIKTVDVEPVVLHAPSDNEMVFINNCLKKRRAGEYIHASMKDKYRDLTRKYPQWFSVKAYPDDLRGSVSKHYVDYFTKKE
1,MTTIKAAYISKDQNWNDGTTTYWFDVNGETFGVVHGGESWNAKVVDCDGAPSDQYTVDQFNITEDMIAE
1,MKPLHTMNYDNNQMSLVYESYDEYGFEYSVKLKISVRDYRGIDVSAFNAFPEWEDTLRMRDRVMSVEEIENAMISRYKSLFIAPPDCTYEFDI
1,MTKSEIFKFAWVDAHYLATTLGGNAVEYFAECLKKSHMINRTTAVSFEQKEYAVDVAYAAITILADGAVLARAAGKNGYADAAMIAIAKIKQMKIARQILDSLIGVNFRKGSDLKLWLSSN
1,MTSIKTIEYKGNTLTLQKDSDADCISYEILLRDPIKHWVGRDVQILNIDSSTSVDVFYKKFSDSELASMMQREYDDCFPLQVTATLESVIEAGDINTKWFVVNDETGALSGKYGSVYTESGWYICNESGEKIENKLTENQISSIRVAMDRGDTATYSWEFDD
1,MSKKFLEIVGNASTSATFNGKLIGHNVNASAYEKDGEIIIHLETNGSRWKSSPEVRMTKEEYDSFCEKQSRPLFVRGIELFGAEALLS
1,MTNFQTWLDSADIPVQQNGQWIDLETGIAYDPSYNYAANTRRASLSPRGIDARAVAKTFGGRALTGTARQKEWAEKIRAEKVQQMNQDQAEMACDPSGLLTAAKFWIENRNDSAQEIAGFVMQQKALLAQHRSAKAAGQADKVAKIAAEYNALTARWGF
1,MNAIHIGPFSITPAARGLHYGGLPHHQWTLYYGPREMAIKTLPDSYTSSEVRDEFSDIIAEFVIDARHRYAPDVLELVNSDGDAVLARVAVSRLPEALSGCIPDDRFPYWLLTASRPRLGLPVTLNEYTALAVELSAPPLAWITGLLPGEVLTHDAEEWRPPTSWELRHVVGEGSFTGVSGAAAAALLGMSATNFRKYTAGDSAANRQKISFAAWHYLLDRLGVKRAS
1,MEKIKLICLRINNDELITTDKDEWLKFIKRHRGKVSSIEQFNWKIPGNKLQKALEYSFDELYKFKQKENRRETD
1,MWKCKKCGCDRFYQDITGGISEVLEMDKDGEVLDEIDDVEYGDFSCAKCDNSSSKIQEIAYWDEINGKNKTYLSKDK
1,MFKEFLEKCLRYGNLYILEETGDRKKVKRISKRHGKVTEASVLLFDSGTKRTTINEIYLNSQGYFIIRDQKRLKLEKFK
1,MDKANRCLKAKDKILNILEKEEITLDEFNNISKDIAKEYVEKAVLKPKDIAERIINMVKNAKSISFDELASEISEE
1,MERNFKKVTENTGRKEVFKVMHDKVEIINDFNTNEKREARIIFHDQKIYVILYQNLNFEELKWLNFYILIYGNQSYGKNTFFEFKLNKNNLIYHLQVWNIIENKKFKSKSISLLVKALSSKAGV
1,MADKVKSIQPGPIFYDVFLVYLRVIGTNLKDWCAPHGVTATNAKSAATGGWNGTKARALRQKMIDEVGEETFLRLYTERLRREAA
1,MRIIKLYERIIPKTSSTSYISRWEALNIPDENRNTAAWHPRTYLFSYDKDKAINLYNTTNVLGNSGIKKRIIDYPSKREVYIANFPRAIADLVLTMKDYQLSSLHNCCNDFFNEDETEQLYQYLRSIKDNRRVDEFLKYEFTVRYFNDKKF
1,MNKVYLANAFSINMLTKFPTKVVIDKIDRLEFCENIDNEDIINSIGHDSTIQLINSLCGTTFQKNRVEIKLEKEDKLYVVQISQRLEEGKILTLEEILKLYESGKVQFFEIIVD
1,MESKNLRKLLNEYEEIDINEMLKNFRSIKNSGTKNDIEIFLHEKAIKFEKSSISSTYVVFSEDNEILGYFTIANRSLVIPKENFGILSKTQQKKLGNSAAILKNGDLMTSSFLLGQLGKNYSDDIENLITGRELLTFAYDLFLKIKELINVKYIWLECQNEPKLISFYQNFGFKMLESLTSEEGLKVMIMELK
1,MKKSLVLKASVAVATLVPMLSFAAEGDDPAKAAFNSLQASATEYIGYAWAMVVVIVGATIGIKLFKKFTSKAS
1,MIYYIKDLKVKGKIFENLMNKEAVEGLITFLKKAEFEIYSRENYSKYNKWFEMWKSPTSSLVFWKNYSFRCHLLFVIEKDGECLGIPASVFESVLQIYLADPFAPDTKELFVEVCNLYECLADVTVVEHFEAEESAWHKLTHNETEVSKRVYSKDDDELLKYIPEFLDTIATNKKSQKYNQIQGKIQEINKEIATLYESSEDYIFTEYVSNLYRESAKLEQHSKQILKEELN
1,MANKTYKIGKNAGYDGCGLCLAAISENEAIKVKYLRDICPDYDGDDKAEDWLRWGTDSRVKAAALEMEQYAYTSVGMASCWEFVEL
